"index","type","filename","source_url"
"1","image","001-image-image.png","https://app.milanote.com/media/p/images/1WjYzn1SaFK06U/VuQ/image.png"
"2","image","002-image-image.png","https://app.milanote.com/media/p/images/1WjZO51SaFK070/geq/image.png?w=800"
"3","image","003-image-image.png","https://app.milanote.com/media/p/images/1Wk0f21QPbUBfs/e56/image.png?w=800"
"4","image","004-image-image.png","https://app.milanote.com/media/p/images/1Wk0kA1QPbUBfw/0w9/image.png?w=800"
"5","image","005-image-image.png","https://app.milanote.com/media/p/images/1Wk0KE1QPcyJ5H/H6e/image.png?w=800"
"6","image","006-image-image.png","https://app.milanote.com/media/p/images/1Wk0L01QPcyJ5I/2C2/image.png?w=800"
"7","image","007-image-image.png","https://app.milanote.com/media/p/images/1Wk0LC1QPcyJ5J/WoT/image.png?w=800"
"8","image","008-image-image.png","https://app.milanote.com/media/p/images/1WkFD510oFAPew/Ys6/image.png?w=800"
"9","image","009-image-image.png","https://app.milanote.com/media/p/images/1WkH9b1cEPCpe9/GOy/image.png?w=800"
"10","image","010-image-image.png","https://app.milanote.com/media/p/images/1WkHi21ebZI12h/CBw/image.png?w=800"
"11","image","011-image-image.png","https://app.milanote.com/media/p/images/1WkqAf1AZrEn5t/CXF/image.png"
"12","image","012-image-image.png","https://app.milanote.com/media/p/images/1Wkqer1AZrEn5r/CYV/image.png"
"13","image","013-image-image.png","https://app.milanote.com/media/p/images/1Wl5241mprt84G/75j/image.png?w=800"
"14","image","014-image-image.png","https://app.milanote.com/media/p/images/1Wl5d11mprt84J/ZeG/image.png?w=800"
"15","image","015-image-image.png","https://app.milanote.com/media/p/images/1Wl5PY1mprt84L/1h7/image.png?w=800"
"16","image","016-image-image.png","https://app.milanote.com/media/p/images/1Wl6L01mprt84Q/rF4/image.png?w=800"
"17","image","017-image-image.png","https://app.milanote.com/media/p/images/1Wl6Lc1mprt84R/Trz/image.png?w=800"
"18","image","018-image-image.png","https://app.milanote.com/media/p/images/1Wl6M31mprt84T/ax5/image.png?w=800"
"19","image","019-image-image.png","https://app.milanote.com/media/p/images/1Wl6oN1mprt84N/cr3/image.png?w=800"
"20","image","020-image-image.png","https://app.milanote.com/media/p/images/1Wl73A1mprt857/hYA/image.png"
"21","image","021-image-image.png","https://app.milanote.com/media/p/images/1Wl7Cj1mprt85r/FEz/image.png"
"22","image","022-image-image.png","https://app.milanote.com/media/p/images/1Wl7eU1mprt858/SCn/image.png?w=800"
"23","image","023-image-image.png","https://app.milanote.com/media/p/images/1Wl7FM1mprt85t/C8E/image.png?w=800"
"24","image","024-image-image.png","https://app.milanote.com/media/p/images/1Wl7G61mprt85u/ih1/image.png"
"25","image","025-image-image.png","https://app.milanote.com/media/p/images/1Wl7No1mprt85x/52N/image.png?w=800"
"26","image","026-image-image.png","https://app.milanote.com/media/p/images/1Wl7NP1mprt85z/YcE/image.png"
"27","image","027-image-image.png","https://app.milanote.com/media/p/images/1Wl7Nz1mprt85y/H1z/image.png?w=800"
"28","image","028-image-image.png","https://app.milanote.com/media/p/images/1Wl7qa1mprt85d/rd6/image.png?w=800"
"29","image","029-image-image.png","https://app.milanote.com/media/p/images/1Wl7xj1mprt85h/yoW/image.png"
"30","image","030-image-image.png","https://app.milanote.com/media/p/images/1Wl8dK1mprt85J/ta0/image.png?w=800"
"31","image","031-image-image.png","https://app.milanote.com/media/p/images/1Wl8du1mprt85I/86m/image.png?w=800"
"32","image","032-image-image.png","https://app.milanote.com/media/p/images/1Wl8f81mprt85M/hPe/image.png"
"33","image","033-image-image.png","https://app.milanote.com/media/p/images/1Wl8lB1mprt85P/55k/image.png?w=800"
"34","image","034-image-image.png","https://app.milanote.com/media/p/images/1WmWOk1qRc0uah/3V6/image.png?w=800"
"35","image","035-image-image.png","https://app.milanote.com/media/p/images/1WmXKn1QoT7pcs/6Su/image.png"
"36","image","036-image-image.png","https://app.milanote.com/media/p/images/1WmXNj1QoT7pcu/KGr/image.png?w=800"
"37","image","037-image-image.png","https://app.milanote.com/media/p/images/1WmXOI1QoT7pcv/TsV/image.png"
"38","image","038-image-image.png","https://app.milanote.com/media/p/images/1WmXOU1QoT7pcw/5N5/image.png"
"39","image","039-image-image.png","https://app.milanote.com/media/p/images/1Wmy701U0nJNfq/1ey/image.png?w=800"
"40","image","040-image-image.png","https://app.milanote.com/media/p/images/1WmYD21qRc0uaj/es1/image.png?w=800"
"41","image","041-image-image.png","https://app.milanote.com/media/p/images/1WmyHY1U0nJNfv/W5V/image.png?w=800"
"42","image","042-image-image.png","https://app.milanote.com/media/p/images/1Wo1Hc1UtWKo6M/Sm4/image.png"
"43","image","043-image-image.png","https://app.milanote.com/media/p/images/1Wo1Ii1goOny1G/7gh/image.png"
"44","image","044-image-image.png","https://app.milanote.com/media/p/images/1Wo3Ah1goOny24/DZg/image.png"
"45","image","045-image-image.png","https://app.milanote.com/media/p/images/1Wo3CH1UtWKo6Q/Fi0/image.png?w=800"
"46","image","046-image-image.png","https://app.milanote.com/media/p/images/1Wo3RC1goOny2a/GQx/image.png?w=800"
"47","image","047-image-image.png","https://app.milanote.com/media/p/images/1Wo3UK1goOny2f/ywx/image.png"
"48","image","048-image-image.png","https://app.milanote.com/media/p/images/1Wo3Uy1goOny2e/PTo/image.png"
"49","image","049-image-image.png","https://app.milanote.com/media/p/images/1Wo3Vb1goOny2g/o1c/image.png"
"50","image","050-image-image.png","https://app.milanote.com/media/p/images/1Wo4H71goOny2K/rYj/image.png?w=800"
"51","image","051-image-image.png","https://app.milanote.com/media/p/images/1Wo4Hk1goOny2L/0R9/image.png?w=800"
"52","image","052-image-Screenshot-2026-05-15-192459.png","https://app.milanote.com/media/p/images/1Wo4Il1goOny2O/cTZ/Screenshot%202026-05-15%20192459.png?w=800"
"53","image","053-image-image.png","https://app.milanote.com/media/p/images/1Wo4JL1goOny2R/4Pj/image.png?w=800"
"54","image","054-image-image.png","https://app.milanote.com/media/p/images/1Wo4KB1goOny2T/ewh/image.png?w=800"
"55","image","055-image-image.png","https://app.milanote.com/media/p/images/1Wo4Ly1goOny2W/pqL/image.png?w=800"
"56","image","056-image-Screenshot-2026-05-15-192915.png","https://app.milanote.com/media/p/images/1Wo4MG1goOny2Z/O1c/Screenshot%202026-05-15%20192915.png"
"57","image","057-image-image.png","https://app.milanote.com/media/p/images/1Wo4V81goOny32/Y6C/image.png"
"58","image","058-image-image.png","https://app.milanote.com/media/p/images/1Wo4ZK1goOny34/g7m/image.png"
"59","image","059-image-image.png","https://app.milanote.com/media/p/images/1Wo5cK1goOny3t/AEI/image.png"
"60","image","060-image-image.png","https://app.milanote.com/media/p/images/1Wo5my1goOny3v/aDe/image.png"
"61","image","061-image-image.png","https://app.milanote.com/media/p/images/1Wok641KrxqV7L/Uvn/image.png?w=800"
"62","image","062-image-image.png","https://app.milanote.com/media/p/images/1WpMY610UR6O2m/0hP/image.png?w=800"
"63","image","063-image-image.png","https://app.milanote.com/media/p/images/1WpMZN10UR6O2o/cWH/image.png?w=800"
"64","image","064-image-image.png","https://app.milanote.com/media/p/images/1WpNrh10UR6O2s/Pv4/image.png?w=800"
"65","image","065-image-image.png","https://app.milanote.com/media/p/images/1WpNsN1aZFPteE/LYg/image.png"
"66","image","066-image-Notes1.png","https://app.milanote.com/media/p/images/1WqcmF10Ad7u4g/qSP/Notes1.png?w=800"
"67","image","067-image-image.png","https://app.milanote.com/media/p/images/1WqcNF10wAOu3l/0m7/image.png"
"68","image","068-image-image.png","https://app.milanote.com/media/p/images/1WqdlP10wAOu3o/W0B/image.png?w=800"
"69","image","069-image-Screenshot-2026-05-21-170800.png","https://app.milanote.com/media/p/images/1Wqdsd10wAOu3t/qMV/Screenshot%202026-05-21%20170800.png?w=800"
"70","image","070-image-image.png","https://app.milanote.com/media/p/images/1Wqeeq10wAOu3w/x5j/image.png"
"71","image","071-image-image.png","https://app.milanote.com/media/p/images/1Wqehq10wAOu3N/CYx/image.png"
"72","image","072-image-Screenshot-2026-05-21-180057.png","https://app.milanote.com/media/p/images/1Wqehz10wAOu3O/E5Z/Screenshot%202026-05-21%20180057.png"
"73","image","073-image-Screenshot-2026-05-22-123507.png","https://app.milanote.com/media/p/images/1WqvFw1m5qwoaG/3Ix/Screenshot%202026-05-22%20123507.png?w=800"
"74","image","074-image-image.png","https://app.milanote.com/media/p/images/1WqvZK1m5qwoaK/qBE/image.png?w=800"
"75","image","075-image-image.png","https://app.milanote.com/media/p/images/1Wqwry1m5qwoaN/1a5/image.png"
"76","image","076-image-image.png","https://app.milanote.com/media/p/images/1Wqx2Q1m5qwoaS/lMC/image.png"
"77","image","077-image-Screenshot-2026-05-23-175335.png","https://app.milanote.com/media/p/images/1WqX641w6Bq86L/0A9/Screenshot%202026-05-23%20175335.png?w=800"
"78","image","078-image-image.png","https://app.milanote.com/media/p/images/1Wqy1A1m5qwoaV/jCz/image.png?w=800"
"79","image","079-image-Screenshot-2026-05-23-185859.png","https://app.milanote.com/media/p/images/1WqY7O1w6Bq86O/NnW/Screenshot%202026-05-23%20185859.png?w=800"
"80","image","080-image-image.png","https://app.milanote.com/media/p/images/1WqYWm1w6Bq86P/g4F/image.png"
"81","image","081-image-image.png","https://app.milanote.com/media/p/images/1WqZi61w6Bq86V/osx/image.png"
"82","image","082-image-image.png","https://app.milanote.com/media/p/images/1WqZuX1w6Bq86W/m3x/image.png?w=800"
"83","image","083-image-image.png","https://app.milanote.com/media/p/images/1WrgJb1Y471a5w/aLI/image.png"
"84","image","084-image-image.png","https://app.milanote.com/media/p/images/1WrgTL1Y471a5C/D2p/image.png"
"85","image","085-image-image.png","https://app.milanote.com/media/p/images/1WrgTs1Y471a5B/cMS/image.png?w=800"
"86","image","086-image-Screenshot-2026-05-26-182235.png","https://app.milanote.com/media/p/images/1Ws2YT1K7xmtbn/Y2q/Screenshot%202026-05-26%20182235.png?w=800"
"87","image","087-image-Screenshot-2026-05-26-183318.png","https://app.milanote.com/media/p/images/1Ws39c1K7xmtbp/5sY/Screenshot%202026-05-26%20183318.png?w=800"
"88","image","088-image-image.png","https://app.milanote.com/media/p/images/1Ws3LI1K7xmtbr/ZGt/image.png"
"89","image","089-image-Screenshot-2026-05-26-194823.png","https://app.milanote.com/media/p/images/1Ws4lb1K7xmtbP/BL2/Screenshot%202026-05-26%20194823.png"
"90","image","090-image-image.png","https://app.milanote.com/media/p/images/1WsGCE10GHOH2T/uaW/image.png"
"91","image","091-image-Screenshot-2026-05-28-124335.png","https://app.milanote.com/media/p/images/1WsGEL10GHOH2U/EVF/Screenshot%202026-05-28%20124335.png"
"92","image","092-image-image.png","https://app.milanote.com/media/p/images/1WsGza10GHOH2S/LPq/image.png"
"93","image","093-image-Screenshot-2026-05-28-151709.png","https://app.milanote.com/media/p/images/1WsJ3C1gchgs77/fTt/Screenshot%202026-05-28%20151709.png?w=800"
"94","image","094-image-Screenshot-2026-05-28-155855.png","https://app.milanote.com/media/p/images/1WsJGQ1gchgs7a/rtg/Screenshot%202026-05-28%20155855.png"
"95","image","095-image-image.png","https://app.milanote.com/media/p/images/1WsJMH1gchgs7b/FzQ/image.png"
"96","image","096-image-image.png","https://app.milanote.com/media/p/images/1WsLZn1gchgs7q/T31/image.png"
"97","image","097-image-image.png","https://app.milanote.com/media/p/images/1WsM6J1gchgs7s/1HY/image.png"
"98","image","098-image-image.png","https://app.milanote.com/media/p/images/1WsmIv1ycikOa8/aaH/image.png?w=800"
"99","image","099-image-image.png","https://app.milanote.com/media/p/images/1WsmJh1ycikOa9/OqZ/image.png?w=800"
"100","image","100-image-image.png","https://app.milanote.com/media/p/images/1WuRQB1ay8Ze1f/EUK/image.png?w=800"
"101","image","101-image-Screenshot-2026-06-03-130330.png","https://app.milanote.com/media/p/images/1WuRQl1ay8Ze1e/aU6/Screenshot%202026-06-03%20130330.png?w=800"
"102","image","102-image-image.png","https://app.milanote.com/media/p/images/1WvEPQ1qFwyn5W/w6O/image.png"
"103","image","103-image-image.png","https://app.milanote.com/media/p/images/1WvGt41qFwyn5Y/bQp/image.png"
"104","image","104-image-Screenshot-2026-06-05-212621.png","https://app.milanote.com/media/p/images/1WvIG91qFwyn6i/idW/Screenshot%202026-06-05%20212621.png?w=800"
"105","image","105-image-image.png","https://app.milanote.com/media/p/images/1WvIGw1qFwyn6j/MbT/image.png?w=800"
"106","image","106-image-image.png","https://app.milanote.com/media/p/images/1WvIGX1qFwyn6k/b3F/image.png?w=800"
"107","image","107-image-image.png","https://app.milanote.com/media/p/images/1WvIHe1qFwyn6l/80H/image.png?w=800"
"108","image","108-image-image.png","https://app.milanote.com/media/p/images/1WvIHY1qFwyn6m/3nB/image.png?w=800"
"109","image","109-image-image.png","https://app.milanote.com/media/p/images/1WvIIj1qFwyn6n/Dro/image.png?w=800"
"110","image","110-image-image.png","https://app.milanote.com/media/p/images/1WvIIR1qFwyn6o/ztq/image.png?w=800"
"111","image","111-image-image.png","https://app.milanote.com/media/p/images/1WvjNb1oAoQ6eO/dp4/image.png"
"112","video","112-video-20260507-2206-51.8613629.mp4","https://media.milanote.com/p/files/1Wl6Sw1mprt851/ysR/20260507-2206-51.8613629.mp4"
"113","video","113-video-20260507-2244-40.6713045.mp4","https://media.milanote.com/p/files/1Wl7td1mprt85e/rBY/20260507-2244-40.6713045.mp4"
"114","video","114-video-20260507-2318-21.1454224.mp4","https://media.milanote.com/p/files/1Wl7ZL1mprt85D/Puk/20260507-2318-21.1454224.mp4"
"115","video","115-video-20260507-2333-46.3155710.mp4","https://media.milanote.com/p/files/1Wl8eo1mprt85K/SHO/20260507-2333-46.3155710.mp4"
"116","video","116-video-20260516-0249-37.2856904.mp4","https://media.milanote.com/p/files/1Wo56e1goOny3r/VOD/20260516-0249-37.2856904.mp4"
"117","video","117-video-20260516-0255-03.2917310.mp4","https://media.milanote.com/p/files/1Wo5bz1goOny3s/2uD/20260516-0255-03.2917310.mp4"
"118","video","118-video-20260516-0302-53.6544624.mp4","https://media.milanote.com/p/files/1Wo5jc1goOny3u/12D/20260516-0302-53.6544624.mp4"
"119","video","119-video-20260516-1847-06.9085444.mp4","https://media.milanote.com/p/files/1Wok2X1Krxca3M/e9o/20260516-1847-06.9085444.mp4"
"120","video","120-video-20260522-0006-53.6466006.mp4","https://media.milanote.com/p/files/1Wqdqc10wAOu3r/gA9/20260522-0006-53.6466006.mp4"
"121","video","121-video-20260522-0107-57.6653180.mp4","https://media.milanote.com/p/files/1WqenD10wAOu3S/3ZM/20260522-0107-57.6653180.mp4"
"122","video","122-video-20260522-1941-14.5023291.mp4","https://media.milanote.com/p/files/1WqvKI1m5qwoaH/h4m/20260522-1941-14.5023291.mp4"
"123","video","123-video-20260522-2209-31.2466614.mp4","https://media.milanote.com/p/files/1Wqy4e1m5qwoba/9jN/20260522-2209-31.2466614.mp4"
"124","video","124-video-20260524-0357-39.2737059.mp4","https://media.milanote.com/p/files/1WqZYJ1w6Bq871/w4R/20260524-0357-39.2737059.mp4"
"125","video","125-video-20260524-0435-23.4233100.mp4","https://media.milanote.com/p/files/1Wr0zg1w6Bq874/sSu/20260524-0435-23.4233100.mp4"
"126","video","126-video-20260527-0226-23.4023862.mp4","https://media.milanote.com/p/files/1Ws3ZD1K7xmtbv/14t/20260527-0226-23.4023862.mp4"
"127","video","127-video-20260528-2317-26.1875862.mp4","https://media.milanote.com/p/files/1WsK0j1gchgs7c/Z82/20260528-2317-26.1875862.mp4"
"128","video","128-video-20260529-0317-30.8748947.mp4","https://media.milanote.com/p/files/1WsNJV1gchgs7v/QDS/20260529-0317-30.8748947.mp4"
"129","video","129-video-20260603-2149-09.2502503.mp4","https://media.milanote.com/p/files/1WuTtm1ay8Ze1i/AmO/20260603-2149-09.2502503.mp4"
"130","image","130-image-Screenshot-2026-06-08-184845.png","https://app.milanote.com/media/p/images/1WwLBE1eOzDz0H/RWX/Screenshot%202026-06-08%20184845.png?w=800"
"131","image","131-image-Screenshot-2026-06-08-184855.png","https://app.milanote.com/media/p/images/1WwLBI1eOzDz0I/8D1/Screenshot%202026-06-08%20184855.png?w=800"
"132","image","132-image-Screenshot-2026-06-08-184909.png","https://app.milanote.com/media/p/images/1WwLBM1eOzDz0J/cod/Screenshot%202026-06-08%20184909.png?w=800"
"133","image","133-image-Screenshot-2026-06-08-184918.png","https://app.milanote.com/media/p/images/1WwLBS1eOzDz0K/1Oe/Screenshot%202026-06-08%20184918.png?w=800"
"134","image","134-image-Screenshot-2026-06-08-184926.png","https://app.milanote.com/media/p/images/1WwLBV1eOzDz0L/vJm/Screenshot%202026-06-08%20184926.png?w=800"
"135","image","135-image-Screenshot-2026-06-08-184936.png","https://app.milanote.com/media/p/images/1WwLBY1eOzDz0M/app/Screenshot%202026-06-08%20184936.png?w=800"
"136","image","136-image-Screenshot-2026-06-08-184944.png","https://app.milanote.com/media/p/images/1WwLC31eOzDz0N/XwV/Screenshot%202026-06-08%20184944.png?w=800"
"137","image","137-image-Screenshot-2026-06-08-184953.png","https://app.milanote.com/media/p/images/1WwLC71eOzDz0O/Ce8/Screenshot%202026-06-08%20184953.png?w=800"
"138","image","138-image-Screenshot-2026-06-08-185000.png","https://app.milanote.com/media/p/images/1WwLCa1eOzDz0P/g8o/Screenshot%202026-06-08%20185000.png?w=800"
